RAM_GB,Storage_GB,Age_In_Months,Battery_Capacity_mAh,Camera_MP,Cover_Color_ID,IMEI_Last_Digit,Pincode_Last_Digit,Resale_Price_INR
4,128,40.7,3000,50,2,8,6,2500.0
12,128,48.0,5000,108,5,0,1,21630.0
8,32,15.8,3000,48,4,8,6,18959.0
6,64,37.9,4000,50,6,9,2,7052.0
4,64,34.7,3000,48,1,6,0,7598.0
4,64,50.1,4000,48,4,3,7,4072.0
3,128,54.5,4000,12,3,2,2,6136.0
8,128,1.7,3000,48,2,9,7,25100.0
6,128,40.8,4500,48,2,5,6,7875.0
8,256,4.1,3000,50,4,0,1,30534.0
3,256,33.4,6000,50,6,2,0,22878.0
12,256,18.0,6000,64,1,1,6,42153.0
8,512,19.1,4500,12,3,8,0,45077.0
4,32,21.8,4000,48,4,2,5,13660.0
4,64,37.7,4500,12,4,1,9,8165.0
4,32,20.7,6000,108,2,3,9,15418.0
4,128,44.2,4500,48,3,1,7,7068.0
6,256,24.9,3000,12,1,0,6,20955.0
6,64,5.0,4500,64,2,5,3,15646.0
4,512,47.2,4000,64,4,9,0,18116.0
6,32,17.9,3000,48,2,7,0,7648.0
4,512,26.5,5000,108,2,9,3,40551.0
4,64,41.4,6000,64,5,9,4,6924.0
4,64,20.6,6000,64,2,1,6,16135.0
6,128,4.3,4500,108,6,8,3,21807.0
8,64,23.1,3000,12,2,2,9,15741.0
4,64,56.7,5000,64,6,7,0,8190.0
6,64,38.9,3000,50,3,7,9,2739.0
6,256,40.6,6000,64,2,2,6,17948.0
3,128,38.3,3000,12,1,2,1,2500.0
6,64,12.7,5000,12,6,5,1,15571.0
4,128,25.7,4500,48,6,0,7,16040.0
3,256,45.3,4000,50,4,3,9,10174.0
12,64,7.0,3000,12,3,0,9,25764.0
12,128,17.4,4000,108,2,2,9,34964.0
8,64,17.3,6000,50,1,8,4,23859.0
4,64,26.5,4500,50,4,4,9,15987.0
3,128,58.8,4500,108,3,4,1,8791.0
6,64,5.0,3000,64,6,3,4,13843.0
6,128,31.6,4500,108,1,2,7,19685.0
4,256,11.6,3000,108,2,4,5,20599.0
6,64,58.3,3000,64,5,3,2,2635.0
3,128,7.7,4000,64,5,7,7,17075.0
12,64,24.8,4500,64,3,3,8,30704.0
4,512,44.5,3000,64,1,7,4,12285.0
6,128,42.6,4000,64,4,5,1,6137.0
4,256,25.9,5000,108,1,4,1,24013.0
6,128,21.4,4000,48,6,3,6,17467.0
6,32,24.5,4000,48,5,3,0,13888.0
4,128,16.6,3000,12,3,3,9,12157.0
12,512,13.1,6000,48,2,8,1,52872.0
8,128,29.5,6000,48,1,3,9,28971.0
12,256,16.8,6000,108,5,8,3,41114.0
8,256,18.0,4000,64,4,9,0,34158.0
6,64,39.7,3000,64,3,5,3,5798.0
12,64,58.1,4500,108,2,9,9,18502.0
3,128,36.6,4000,48,1,6,4,8168.0
4,128,5.5,4000,108,4,9,8,21772.0
3,256,5.5,3000,12,2,2,0,15234.0
4,512,57.1,5000,64,6,7,4,16241.0
4,64,18.5,4000,50,5,2,1,13768.0
4,64,6.4,5000,12,6,0,8,13829.0
8,256,36.3,5000,12,5,9,5,16808.0
4,64,37.8,6000,108,4,4,1,8739.0
4,256,39.3,3000,48,6,1,2,8828.0
6,128,16.8,5000,64,5,9,7,20959.0
4,128,1.9,3000,50,3,5,0,15121.0
8,32,57.9,6000,12,4,9,2,12999.0
3,128,15.8,3000,50,5,8,9,11373.0
12,128,40.9,4000,48,1,0,0,19263.0
8,128,42.7,5000,48,5,3,7,14070.0
4,64,37.0,3000,50,6,0,0,2500.0
3,256,19.5,4500,64,3,0,4,21600.0
8,256,17.0,3000,48,2,7,3,30561.0
8,64,36.3,5000,50,2,1,6,15030.0
8,32,52.1,6000,12,5,0,4,13861.0
8,32,56.9,6000,50,2,7,7,16191.0
3,128,7.2,5000,50,5,3,0,16575.0
4,128,10.1,4000,108,3,2,4,21835.0
4,128,56.7,4000,48,2,3,3,6656.0
8,64,44.5,6000,64,6,4,2,14359.0
6,64,53.1,6000,64,6,0,4,7958.0
4,128,13.0,5000,108,1,0,9,20960.0
3,128,35.7,4000,64,5,2,2,15351.0
4,512,42.4,6000,50,2,5,7,19171.0
4,64,41.1,4000,108,6,0,2,7303.0
8,128,25.1,6000,12,3,1,0,27255.0
6,128,1.9,3000,48,3,6,8,15463.0
8,128,35.4,4500,48,1,0,8,26966.0
6,256,15.9,3000,48,3,6,5,19330.0
4,128,27.6,6000,50,3,3,9,16883.0
8,512,57.5,4500,12,2,9,0,23929.0
8,64,24.5,4500,108,5,5,7,26894.0
6,64,50.5,6000,108,4,7,1,11812.0
8,256,12.1,6000,48,3,8,8,35831.0
6,128,40.7,4000,12,3,5,7,5692.0
6,64,58.6,6000,12,4,8,2,5649.0
6,32,7.0,5000,12,3,3,4,16387.0
3,32,1.5,6000,64,2,5,8,13745.0
4,256,26.6,5000,64,2,7,0,22635.0
3,64,6.5,6000,48,4,8,8,16903.0
6,64,45.2,4000,12,6,2,3,7271.0
4,64,55.0,5000,12,3,1,3,3373.0
6,64,26.6,3000,108,6,5,3,11369.0
12,32,16.3,5000,108,3,3,9,31406.0
4,128,26.6,4000,48,5,0,8,18189.0
6,32,43.7,5000,12,3,7,5,4437.0
8,256,1.5,6000,48,2,8,7,33934.0
4,64,35.8,6000,108,1,8,3,16781.0
3,128,37.2,4000,108,1,1,2,7989.0
4,256,38.6,4500,64,1,8,0,11888.0
4,128,15.3,6000,48,1,6,9,20370.0
12,128,43.1,3000,48,6,4,6,11960.0
8,64,6.4,4000,12,6,6,3,23600.0
6,64,12.8,5000,12,3,8,7,15191.0
8,128,52.8,5000,64,6,7,2,14754.0
8,512,44.6,3000,50,3,5,0,21814.0
4,128,1.8,6000,50,5,3,4,20771.0
8,128,15.7,4000,50,3,0,1,25503.0
6,256,13.6,3000,48,1,5,2,22636.0
8,128,17.0,6000,48,4,2,5,28757.0
8,32,15.6,4000,108,4,5,2,25948.0
4,128,4.7,5000,48,2,5,2,17943.0
4,512,28.1,4000,48,2,3,5,34605.0
4,64,44.2,4500,48,3,1,4,6728.0
6,128,36.8,4000,64,4,8,9,7643.0
8,64,40.7,4500,48,1,1,8,14080.0
8,128,5.8,4000,12,6,2,0,25682.0
3,32,57.1,4500,12,1,9,2,3407.0
6,128,50.5,5000,108,1,0,2,9753.0
6,256,48.5,6000,64,3,6,5,12843.0
4,64,49.6,4500,12,3,0,7,5051.0
4,128,56.0,4500,64,5,8,2,8219.0
4,256,33.1,5000,64,1,0,2,24293.0
12,512,12.8,4500,108,1,4,5,53281.0
4,64,37.4,3000,64,3,6,7,2500.0
6,64,44.8,5000,48,3,2,5,9129.0
8,64,44.5,3000,64,5,8,9,10558.0
4,512,31.8,5000,108,5,7,2,36745.0
12,512,5.0,4500,108,2,2,3,55010.0
12,128,22.9,3000,108,4,4,0,29522.0
4,256,55.3,4500,12,1,6,7,10045.0
6,128,35.5,5000,48,1,3,3,18979.0
4,128,32.8,4500,12,5,4,5,12651.0
4,32,16.9,3000,50,5,2,2,6886.0
3,256,22.7,3000,48,2,8,5,19086.0
6,64,53.8,4500,64,4,9,8,6033.0
6,256,40.3,4000,108,2,8,8,12767.0
3,256,47.5,5000,50,4,6,9,9464.0
4,256,27.8,5000,48,6,9,2,24362.0
12,32,38.2,4500,12,1,1,2,15843.0
4,64,15.7,4000,108,2,6,3,17018.0
4,64,42.6,3000,12,5,6,6,2500.0
6,64,26.2,6000,48,2,4,2,17502.0
12,32,27.1,6000,48,6,8,9,30036.0
4,512,39.3,4500,50,2,2,7,18900.0
6,128,56.2,4000,64,1,3,7,8650.0
8,64,4.8,4000,12,6,0,5,21481.0
4,64,49.7,5000,50,5,5,3,5990.0
8,128,18.3,3000,108,5,3,4,27050.0
4,128,27.2,4000,64,3,0,1,19323.0
6,128,2.3,6000,50,6,1,5,23209.0
6,512,18.8,3000,12,3,2,2,31780.0
6,128,30.7,3000,48,3,8,5,13866.0
3,512,4.3,4500,108,1,7,4,40255.0
8,256,30.0,4000,12,2,6,1,33373.0
4,64,55.7,4500,64,5,3,4,6601.0
4,512,7.2,4000,64,5,0,4,39425.0
3,64,46.1,5000,48,2,7,8,5888.0
6,256,25.2,4500,48,5,3,7,25672.0
6,64,39.7,4500,108,2,2,6,7745.0
3,256,16.4,6000,108,6,8,2,27168.0
6,256,10.4,4500,48,1,9,9,28508.0
4,256,10.5,4000,48,1,3,3,25665.0
6,256,5.2,6000,64,1,3,5,27280.0
4,64,12.0,4500,48,2,8,2,13537.0
6,32,40.2,4500,50,2,1,8,8398.0
4,128,53.0,5000,12,4,4,7,7524.0
12,64,49.0,4500,48,5,3,5,16482.0
4,128,41.4,3000,108,5,8,3,4653.0
4,64,7.5,6000,50,4,4,6,19526.0
4,512,18.1,3000,108,4,8,2,33126.0
12,128,19.3,6000,50,1,8,9,34833.0
8,256,15.7,5000,48,4,1,7,35331.0
4,64,31.4,4500,12,2,8,0,10248.0
6,256,32.6,4500,108,3,2,2,25795.0
8,512,22.1,4500,50,2,3,4,46025.0
6,128,21.9,6000,64,4,0,4,23010.0
6,128,49.9,4500,48,5,0,9,10566.0
4,256,47.6,3000,12,2,0,1,6408.0
3,64,19.2,4500,48,5,8,9,12923.0
8,128,54.9,5000,64,2,7,7,14597.0
12,64,57.2,3000,12,5,4,4,12398.0
6,64,20.3,4500,64,6,4,6,15171.0
4,64,21.9,4500,48,2,8,6,14331.0
4,32,30.8,4000,50,5,2,4,15380.0
8,32,56.5,6000,48,3,2,7,12879.0
8,64,52.7,3000,48,1,6,8,7504.0
8,512,7.1,4000,48,2,8,3,45028.0
8,128,24.2,5000,108,3,5,3,33312.0
6,512,33.6,6000,64,1,1,7,40151.0
3,128,30.7,3000,64,2,0,0,9962.0
4,64,12.4,4500,64,3,1,3,15441.0
8,128,51.7,3000,108,3,0,5,10959.0
6,128,40.9,4500,50,6,9,3,6317.0
3,64,50.4,6000,48,3,9,5,7385.0
4,128,51.7,4500,50,6,8,4,7734.0
6,64,45.2,5000,108,4,9,8,9471.0
3,128,26.9,4500,64,5,7,9,16777.0
4,128,37.0,5000,48,1,6,8,8636.0
6,64,10.5,6000,12,5,2,3,14171.0
6,32,40.7,6000,12,5,7,3,8112.0
6,256,11.6,3000,50,6,1,7,20141.0
4,128,41.9,5000,64,5,1,9,7234.0
8,32,14.5,5000,12,3,9,3,22004.0
4,512,7.9,4000,50,6,2,1,34577.0
4,32,10.8,4000,108,5,6,1,14306.0
8,128,1.1,4000,50,6,0,0,28032.0
6,512,43.4,4500,50,4,7,4,18047.0
8,64,44.2,4000,50,6,6,5,11630.0
6,64,31.4,5000,48,2,3,8,17521.0
6,64,10.5,4500,50,3,4,4,18055.0
3,64,5.9,6000,50,1,9,5,14730.0
4,64,2.1,3000,48,2,0,5,9997.0
4,128,10.8,4000,48,2,3,2,19435.0
4,32,53.6,6000,108,2,0,3,6291.0
12,128,15.3,5000,64,5,0,0,31239.0
4,512,21.9,3000,12,6,9,3,30482.0
8,256,7.2,6000,12,6,0,0,33751.0
6,128,14.1,3000,50,5,6,4,14109.0
8,64,31.6,4000,108,3,6,7,25033.0
6,128,36.9,5000,50,5,3,7,11059.0
6,128,15.5,3000,12,5,1,4,16957.0
6,128,4.4,6000,48,5,2,9,24331.0
4,64,24.1,4000,64,3,7,1,14287.0
8,256,14.8,4000,108,3,7,5,39441.0
4,128,14.0,6000,48,4,5,0,20361.0
3,64,57.6,6000,64,4,9,6,4685.0
6,64,37.4,3000,108,4,8,3,4067.0
4,128,33.9,4500,108,4,8,4,17546.0
12,256,25.5,4000,12,6,3,5,34446.0
12,256,26.3,3000,48,2,0,0,30774.0
12,256,32.9,6000,108,2,0,8,39986.0
4,32,42.1,3000,108,4,9,9,3068.0
3,128,42.4,6000,64,4,4,3,9965.0
12,128,11.1,5000,12,1,1,7,30003.0
6,32,30.5,6000,50,2,5,4,15005.0
12,64,25.3,6000,12,1,6,7,29065.0
12,256,52.4,6000,50,1,0,0,21683.0
8,64,38.3,4500,48,5,5,7,15632.0
4,128,32.4,6000,48,6,7,3,17395.0
4,64,7.8,4000,108,3,4,1,18925.0
8,32,36.7,4000,48,2,6,5,13644.0
4,64,7.9,3000,108,4,9,1,13343.0
4,512,20.9,4500,12,4,5,4,35317.0
6,256,9.4,3000,48,3,3,1,21973.0
12,512,41.8,4000,12,2,6,2,24513.0
6,128,13.2,4000,12,4,9,5,17651.0
6,64,24.1,5000,48,4,8,0,16399.0
3,128,53.8,6000,12,5,9,5,7276.0
6,128,13.1,4000,48,1,9,2,24017.0
12,256,31.0,3000,48,4,6,6,31590.0
4,32,25.7,3000,48,6,4,1,5316.0
6,128,2.1,6000,50,2,6,5,25088.0
8,64,47.8,6000,12,6,2,7,15887.0
8,64,5.1,5000,64,3,1,0,24979.0
6,256,29.0,4500,48,5,4,8,26219.0
8,128,34.1,3000,12,2,3,4,21686.0
4,64,38.1,6000,108,5,4,4,8343.0
4,64,41.6,3000,48,1,7,4,2500.0
8,128,15.9,6000,48,4,3,5,28416.0
8,256,1.6,4000,64,2,8,1,36549.0
8,256,43.7,3000,50,3,6,5,13866.0
12,512,32.6,4000,50,1,9,3,45724.0
6,256,50.3,3000,48,1,6,7,7601.0
6,64,49.5,4500,12,5,7,8,4088.0
8,128,50.8,5000,108,1,5,8,18310.0
6,128,29.6,4000,108,2,7,7,18774.0
8,64,20.7,6000,12,5,2,2,21026.0
8,256,47.7,4500,48,1,9,9,16358.0
8,32,27.6,3000,108,3,9,3,18968.0
4,512,11.8,4000,50,6,0,0,37634.0
4,128,51.4,3000,12,2,5,8,2500.0
3,128,53.1,3000,64,3,0,4,2500.0
6,128,28.5,3000,48,3,8,5,13947.0
3,256,5.5,5000,12,5,1,2,25181.0
6,128,23.9,5000,108,4,1,9,19914.0
6,128,48.4,6000,48,5,6,7,9952.0
4,32,54.2,4000,50,2,1,6,2500.0
6,128,13.0,4500,48,2,9,0,20873.0
3,64,5.0,4500,48,5,7,9,15978.0
3,256,52.8,4500,50,4,5,4,11126.0
8,128,24.0,3000,50,5,6,9,23874.0
4,128,33.0,5000,48,2,6,8,18595.0
4,32,58.1,4000,50,4,5,5,7596.0
6,32,4.9,3000,12,2,9,7,10129.0
8,256,39.3,5000,50,4,8,9,22355.0
4,32,5.4,5000,50,4,8,0,13254.0
6,32,23.2,4000,48,5,6,9,14080.0
3,32,48.4,4000,12,5,8,6,3970.0
3,512,26.6,4000,64,5,9,2,34030.0
6,256,59.8,3000,64,4,2,8,3626.0
6,64,34.0,6000,108,4,2,5,19825.0
6,64,19.9,4000,50,2,0,4,14909.0
8,64,14.0,6000,50,3,4,7,25780.0
12,256,21.7,3000,12,5,3,7,34202.0
6,128,23.0,6000,64,6,1,2,22140.0
4,64,5.1,4500,108,2,8,1,20246.0
8,64,22.8,6000,12,2,2,1,24716.0
4,32,28.4,4000,50,1,7,4,12862.0
6,128,43.6,3000,64,5,5,9,4253.0
3,256,39.7,4000,108,2,4,6,10257.0
3,64,42.8,4500,48,1,0,7,6735.0
12,32,1.5,4000,64,6,3,9,27947.0
8,32,13.8,4000,108,6,2,7,25899.0
6,512,40.0,4000,12,5,0,7,17123.0
6,64,29.6,5000,48,4,4,9,16012.0
4,256,1.3,4500,108,1,5,2,27392.0
4,128,48.5,4000,108,4,1,1,10097.0
4,64,46.6,4000,50,6,2,3,5450.0
6,64,33.4,4000,64,6,5,0,17432.0
8,64,4.9,3000,50,3,3,2,19349.0
6,128,46.2,5000,48,3,8,8,9476.0
4,256,35.4,3000,108,3,4,6,18573.0
12,128,47.1,5000,50,3,3,6,19738.0
8,128,45.4,4000,64,2,1,0,14718.0
6,32,48.4,4500,48,3,5,6,5310.0
6,512,31.6,6000,12,2,9,9,36351.0
6,256,9.3,6000,50,2,1,6,28512.0
4,64,40.6,4000,48,5,6,3,7183.0
4,512,37.6,3000,12,2,2,6,13400.0
8,128,44.8,4500,50,2,8,7,15742.0
3,128,11.0,5000,48,3,4,2,16967.0
4,256,12.5,4000,48,2,7,9,24022.0
3,256,53.5,4500,50,4,5,1,9948.0
3,128,45.2,4500,48,3,9,6,7789.0
8,64,54.6,5000,108,1,7,4,15312.0
8,64,45.8,4500,50,3,2,4,16929.0
6,512,36.2,3000,48,2,2,4,14330.0
3,64,39.6,3000,12,4,4,6,2500.0
6,64,53.5,3000,12,3,9,8,2500.0
6,128,35.1,4500,108,4,2,7,19938.0
4,128,38.3,3000,50,1,7,5,4149.0
6,128,10.2,5000,48,6,9,6,20390.0
4,512,29.0,4500,48,1,7,8,36236.0
6,64,43.3,6000,12,6,1,5,9188.0
6,64,17.0,4500,108,5,3,0,17953.0
3,64,12.9,5000,12,6,9,3,14106.0
4,256,19.5,6000,12,5,0,7,20677.0
6,128,15.2,4500,108,3,3,6,21742.0
6,64,13.7,3000,50,5,3,2,11267.0
8,256,26.1,4000,48,4,9,9,33535.0
6,256,54.6,4000,50,5,8,2,11213.0
4,256,30.9,3000,64,4,2,2,18859.0
3,512,12.1,4000,64,6,1,0,36185.0
6,64,5.5,4000,64,6,8,9,18456.0
3,256,42.1,3000,108,6,8,0,4465.0
6,128,23.6,3000,12,5,0,5,13440.0
12,256,49.5,4500,50,6,5,0,19565.0
6,256,39.9,4500,48,5,9,4,14075.0
4,256,48.0,3000,64,5,7,3,5211.0
6,128,17.0,5000,50,2,2,4,22029.0
6,64,41.8,4000,64,2,8,6,7469.0
6,128,16.6,4500,64,5,1,5,17850.0
12,512,56.4,4000,48,4,5,8,25549.0
4,512,38.5,6000,108,3,0,5,20550.0
12,32,20.1,3000,12,1,6,8,21935.0
12,64,16.9,5000,108,2,2,3,29139.0
4,64,12.3,6000,50,5,6,0,18863.0
3,256,42.0,6000,108,1,3,0,12204.0
4,256,13.9,6000,50,2,8,9,27315.0
3,64,36.1,3000,50,3,4,6,2500.0
3,128,16.6,4500,12,4,2,2,15347.0
6,256,40.1,3000,48,5,7,1,8342.0
3,256,49.1,4500,12,3,5,5,9447.0
4,128,46.9,6000,108,2,1,5,4963.0
8,128,45.9,6000,50,5,2,6,16228.0
3,128,12.1,5000,64,1,7,4,15407.0
8,64,6.2,4500,64,6,9,7,24617.0
4,128,42.2,6000,50,4,6,6,6556.0
4,128,22.7,4000,12,2,9,1,17840.0
6,256,26.5,5000,48,4,5,0,28289.0
6,128,2.8,3000,12,5,0,8,15445.0
8,256,16.3,5000,50,6,8,4,34650.0
8,64,3.0,4000,50,3,2,4,25704.0
8,128,52.9,4500,48,4,4,9,17303.0
4,32,15.4,3000,108,1,6,3,7036.0
4,64,33.9,3000,108,2,6,1,8517.0
8,256,3.3,4500,48,1,2,4,37082.0
8,512,40.3,5000,108,4,3,1,28625.0
12,32,20.1,6000,64,6,9,6,29600.0
6,128,54.0,5000,108,3,6,8,8093.0
4,256,53.4,4000,108,3,7,8,12968.0
8,64,20.2,6000,108,1,1,5,29667.0
4,128,54.2,5000,64,5,8,0,9071.0
12,256,59.8,4500,108,5,6,5,17688.0
8,128,49.7,4000,64,6,7,4,15959.0
6,64,50.8,4000,48,3,5,3,7764.0
8,64,15.7,4000,12,1,5,5,22731.0
8,256,35.0,6000,48,1,8,5,34518.0
4,128,5.0,3000,12,1,3,5,11992.0
12,32,6.6,6000,48,4,4,1,28020.0
6,256,59.9,5000,12,6,8,6,13448.0
8,32,20.3,3000,12,5,0,3,17061.0
4,256,45.1,5000,50,5,3,8,9685.0
8,64,48.6,3000,12,4,6,9,6971.0
4,512,51.6,6000,12,2,8,1,16024.0
3,64,59.9,4000,50,4,9,4,3772.0
12,64,15.2,4500,108,6,5,3,31040.0
3,64,3.4,4000,108,1,7,8,17098.0
4,64,25.3,6000,50,4,8,3,16206.0
12,256,8.7,3000,64,1,9,7,33301.0
12,512,2.3,4000,12,6,3,7,52355.0
6,64,22.3,6000,12,6,0,5,18421.0
6,128,47.2,5000,50,3,7,5,8670.0
6,256,34.4,4500,50,1,1,7,23600.0
4,256,19.5,4000,64,5,0,9,24514.0
4,128,39.6,3000,108,4,6,8,7676.0
6,64,14.7,5000,48,6,9,4,15877.0
8,128,1.8,6000,108,1,8,0,31503.0
8,128,46.1,4500,12,2,8,0,15422.0
8,32,37.8,3000,50,3,2,1,10050.0
3,128,46.0,6000,64,2,5,9,5243.0
6,64,3.3,6000,108,6,6,9,22935.0
3,256,50.4,4000,64,2,9,4,12383.0
6,32,37.6,4000,108,2,8,3,6881.0
6,128,34.2,3000,12,3,1,0,16481.0
8,128,37.9,6000,48,3,7,3,18647.0
4,128,52.0,4000,64,3,6,3,9442.0
4,32,35.6,4500,64,3,3,9,14051.0
4,128,35.3,4500,48,2,1,3,18356.0
8,128,59.5,6000,64,5,7,0,16149.0
6,128,45.6,4000,64,5,4,8,8753.0
4,128,27.1,3000,108,3,5,2,12457.0
3,128,42.7,3000,108,4,6,3,2944.0
8,256,24.0,3000,48,1,9,4,28256.0
3,64,14.5,4500,12,6,0,6,13098.0
8,256,36.2,4000,64,4,7,5,21909.0
8,128,55.8,4000,12,6,3,4,11596.0
3,32,55.8,4500,48,4,8,7,6605.0
3,32,21.2,3000,48,4,0,0,5228.0
12,64,32.1,3000,108,5,1,6,24113.0
4,256,13.5,6000,64,1,5,5,25354.0
4,256,59.7,5000,50,4,9,4,13542.0
8,256,58.9,4000,48,3,0,6,17615.0
12,128,39.3,4000,64,6,3,2,18969.0
12,128,48.5,4000,12,5,7,0,17901.0
8,64,43.2,5000,108,6,9,8,13752.0
4,64,36.0,6000,12,3,4,1,13335.0
3,128,4.1,5000,48,3,8,9,20315.0
8,32,27.8,3000,48,4,5,2,15904.0
6,64,40.8,3000,12,3,0,7,3591.0
6,128,41.0,4000,48,1,5,9,8384.0
12,256,23.0,4500,64,3,5,8,40224.0
4,512,56.6,4000,48,4,5,2,19479.0
6,512,10.9,4500,108,6,7,5,38558.0
3,128,30.5,5000,64,3,5,6,14871.0
6,128,41.8,3000,50,5,4,0,3822.0
3,128,42.1,4500,48,5,1,6,9733.0
4,256,39.3,5000,48,5,3,3,12348.0
4,64,17.2,3000,108,6,9,4,9594.0
6,128,10.2,4500,108,2,4,7,23441.0
8,256,38.5,4000,12,5,9,3,17269.0
6,64,36.4,4000,12,5,3,3,8231.0
12,128,11.6,4000,12,2,1,7,31842.0
4,128,42.6,5000,108,6,6,4,7739.0
4,64,27.9,4000,12,5,9,5,12433.0
8,64,40.4,6000,12,4,9,4,16401.0
4,64,50.4,3000,50,6,1,0,2500.0
12,32,11.0,5000,12,5,0,6,27531.0
3,32,2.1,4000,48,5,4,5,11409.0
12,256,47.0,3000,108,2,0,1,17317.0
3,64,37.0,4500,64,4,0,6,7068.0
8,128,42.3,4000,50,6,0,5,18879.0
6,64,50.5,3000,108,3,5,4,3363.0
12,512,48.4,6000,108,1,8,7,31084.0
3,64,57.7,4500,48,4,9,4,4051.0
6,128,32.6,6000,12,3,0,1,18208.0
12,256,29.8,3000,48,4,4,5,33135.0
6,256,24.7,6000,12,3,8,0,26286.0
6,64,10.1,3000,12,3,8,4,10662.0
6,256,34.8,3000,108,4,0,5,21124.0
6,128,17.3,6000,12,2,7,6,22172.0
6,128,55.4,3000,50,4,0,1,3503.0
6,64,35.4,4000,50,4,7,0,13536.0
12,32,36.0,3000,50,3,0,5,19339.0
3,256,21.9,5000,108,1,4,2,26290.0
4,128,4.1,3000,48,3,7,4,17299.0
12,128,2.9,5000,64,5,5,1,33304.0
8,256,26.0,3000,12,4,8,0,30705.0
6,256,6.0,3000,64,6,0,0,22625.0
6,64,36.8,6000,48,4,8,3,7828.0
4,128,53.0,4000,48,2,0,9,6035.0
4,64,53.1,4000,108,6,9,1,6399.0
6,256,39.9,4500,50,3,9,0,11220.0
4,128,13.5,6000,50,2,2,5,18368.0
6,512,51.9,6000,48,4,0,3,16365.0
3,32,53.3,4000,108,3,2,9,8038.0
12,32,12.6,6000,108,3,1,6,32228.0
12,64,44.5,4000,12,5,1,5,16007.0
6,64,17.9,6000,50,5,8,4,17852.0
6,64,48.4,3000,48,1,7,9,2577.0
4,512,59.8,4000,64,5,0,1,15801.0
8,64,2.8,4000,50,6,3,4,23978.0
6,64,53.9,5000,12,3,0,8,7698.0
4,256,37.7,6000,108,5,0,8,12517.0
12,128,58.4,6000,48,1,3,1,18471.0
8,256,28.4,4000,50,4,1,6,30731.0
12,32,51.0,3000,64,6,2,9,10447.0
8,128,4.7,3000,12,5,8,3,21055.0
6,32,20.8,3000,12,3,1,2,9424.0
6,32,5.0,6000,50,4,3,0,18997.0
12,512,58.5,5000,64,3,0,2,29608.0
8,64,49.2,4000,12,4,1,8,12468.0
3,128,51.3,4500,48,6,4,8,5476.0
3,128,56.3,5000,12,3,9,6,5999.0
4,64,6.0,4500,64,5,0,2,15189.0
8,256,23.8,5000,108,5,6,2,36787.0
12,32,5.2,3000,108,1,3,3,22721.0
4,128,13.4,6000,50,4,5,6,16993.0
6,512,14.5,4500,64,1,7,6,39438.0
4,128,28.7,5000,12,2,5,1,17556.0
12,512,16.8,6000,12,5,1,4,49871.0
8,32,7.0,4500,108,4,0,6,27157.0
8,128,10.9,4000,108,6,7,6,30517.0
6,64,9.7,5000,48,1,7,5,20185.0
6,256,58.4,4000,108,6,8,9,11080.0
4,512,45.8,3000,48,6,5,9,10478.0
3,64,58.1,4000,12,6,0,7,5454.0
8,128,26.9,4000,48,1,8,2,27304.0
8,64,17.4,5000,48,2,2,0,25550.0
12,128,48.1,3000,50,1,5,2,11654.0
12,128,20.2,4000,108,3,9,1,34383.0
6,512,18.7,6000,48,5,9,1,39397.0
8,128,14.7,4500,12,1,8,1,27486.0
12,64,8.7,4000,64,1,2,4,28939.0
8,64,16.1,3000,48,2,4,0,20281.0
4,64,22.0,4000,108,3,4,9,14090.0
6,64,40.8,4500,50,1,9,3,8269.0
4,64,4.7,3000,12,5,6,9,10571.0
12,256,13.4,5000,50,5,3,4,39400.0
6,128,48.7,3000,64,1,3,1,6877.0
4,128,9.7,5000,48,6,6,4,19377.0
6,64,21.2,3000,48,6,8,9,12721.0
6,256,52.0,4500,108,3,3,3,12878.0
4,256,10.1,4500,48,5,3,7,26273.0
4,32,5.9,3000,12,6,5,0,5590.0
6,256,29.6,4000,64,5,5,4,25602.0
6,128,18.8,4500,50,3,6,9,18302.0
8,32,34.2,5000,64,3,0,0,22991.0
6,128,48.4,5000,48,6,2,9,9559.0
8,128,9.1,6000,50,1,8,9,31184.0
6,64,35.3,5000,108,4,5,3,18354.0
6,512,30.8,6000,64,2,5,7,39349.0
8,256,9.5,3000,50,4,4,0,28810.0
6,128,37.8,3000,50,4,2,1,2500.0
4,128,17.1,3000,50,5,4,0,13032.0
3,128,29.8,4000,12,3,0,6,16284.0
8,128,5.9,4000,64,5,2,1,29214.0
6,128,28.1,6000,50,6,3,0,20324.0
8,32,19.1,5000,64,2,4,5,24208.0
4,128,49.5,5000,50,6,9,5,7388.0
4,256,4.4,3000,108,1,8,9,22384.0
3,128,25.7,4500,108,2,3,1,17577.0
4,32,28.0,4000,108,5,2,0,12448.0
6,256,43.8,4000,48,5,9,9,11856.0
4,64,34.9,3000,50,6,0,2,8164.0
6,64,40.4,4000,48,5,9,9,10118.0
12,64,46.8,3000,64,5,5,4,10678.0
4,64,51.9,6000,48,4,6,5,6406.0
6,256,19.5,5000,64,1,9,2,26774.0
8,128,32.7,4500,64,4,7,8,26629.0
4,64,50.6,5000,64,5,0,4,7307.0
6,256,59.4,5000,48,3,3,1,15102.0
8,256,53.5,6000,50,4,4,9,18929.0
12,256,22.9,4000,48,5,1,5,38381.0
4,64,12.5,4500,50,5,0,7,12430.0
12,128,29.9,4000,50,1,7,5,30120.0
6,512,44.8,5000,64,6,5,3,21303.0
4,256,30.1,3000,48,2,4,5,18153.0
6,32,29.5,5000,50,4,8,7,15493.0
12,32,50.5,4000,108,4,1,7,15068.0
6,128,22.3,5000,50,4,9,9,20501.0
4,512,51.7,3000,108,5,7,1,16000.0
6,128,25.0,6000,48,1,9,7,18900.0
4,128,20.4,4000,48,5,8,5,20691.0
3,64,27.8,5000,48,5,0,1,11098.0
4,128,46.0,4000,50,6,6,0,6982.0
4,256,8.4,6000,12,3,7,5,24031.0
4,64,12.6,5000,50,1,2,6,15284.0
4,256,57.1,5000,50,4,3,9,9591.0
6,512,11.4,4000,64,2,2,4,38425.0
4,64,34.5,4000,64,4,6,9,11780.0
4,128,35.2,3000,50,5,8,7,12452.0
8,64,29.9,6000,108,1,2,8,26492.0
6,256,39.0,3000,64,1,5,3,7249.0
6,128,14.6,5000,50,1,7,6,21159.0
4,128,33.6,4000,12,3,5,7,13029.0
4,256,23.0,5000,108,4,1,5,26663.0
3,64,40.0,5000,48,3,6,1,6078.0
4,512,9.3,4500,50,6,1,6,37859.0
4,128,34.7,4500,50,2,1,8,17504.0
4,64,11.9,5000,108,6,1,4,19951.0
3,128,17.4,4000,64,5,0,1,17609.0
4,256,13.9,5000,64,3,0,3,25308.0
6,64,11.8,4500,64,3,6,2,16003.0
4,256,49.7,4000,48,6,4,3,7145.0
4,512,17.9,5000,108,5,2,9,39603.0
6,64,55.7,6000,108,1,0,6,6503.0
6,512,58.2,6000,64,5,9,9,15021.0
3,64,34.7,5000,64,4,5,7,12817.0
8,64,9.4,4000,12,6,0,0,24364.0
6,64,23.1,5000,12,5,8,7,16829.0
3,256,48.1,5000,50,1,1,4,12319.0
8,128,22.7,4500,50,5,0,6,28999.0
12,64,6.1,6000,108,3,6,0,34103.0
3,128,33.9,4500,108,2,5,1,15330.0
4,128,50.9,4500,48,3,5,0,7461.0
8,32,48.0,5000,48,2,4,4,14471.0
8,256,11.3,4500,12,5,3,5,33923.0
4,256,40.7,6000,50,4,3,9,11690.0
4,128,14.0,4500,12,5,2,8,17281.0
4,512,13.9,6000,12,1,9,7,38018.0
6,128,52.6,4500,50,5,7,6,8532.0
6,512,15.7,6000,48,2,6,4,39312.0
4,128,16.5,4500,50,3,8,2,15623.0
6,128,1.0,4500,64,4,0,8,21531.0
8,64,52.4,4000,64,5,6,4,14151.0
3,256,47.8,6000,64,5,9,2,11419.0
4,128,38.0,6000,108,3,3,2,11129.0
8,64,45.3,6000,48,4,6,2,16605.0
8,32,10.0,3000,48,6,0,5,18486.0
6,128,28.0,4500,108,5,4,0,20851.0
6,128,21.7,6000,12,5,2,3,20682.0
4,256,6.5,3000,64,6,4,7,21237.0
6,256,29.7,4000,64,2,3,2,24882.0
6,32,55.3,6000,12,2,1,4,7156.0
4,256,3.4,6000,50,1,3,1,26611.0
4,64,18.2,3000,50,3,2,1,9457.0
4,256,13.2,4500,48,4,0,6,25431.0
3,256,15.1,4000,108,5,9,9,24584.0
4,128,54.6,6000,48,5,7,2,8278.0
4,256,28.6,4500,50,1,4,4,24057.0
4,64,28.5,4000,12,5,3,2,13705.0
4,128,45.9,5000,48,3,9,5,9207.0
8,256,10.1,5000,64,1,4,9,36311.0
6,128,29.7,4000,64,3,3,2,15227.0
6,64,26.4,3000,12,1,2,7,10215.0
8,128,36.2,4000,50,5,4,1,16698.0
6,256,60.0,4000,64,1,3,2,12462.0
3,64,46.4,3000,64,2,0,7,2500.0
6,64,24.5,3000,108,4,2,7,9699.0
6,256,49.8,4500,48,5,9,0,13136.0
8,256,11.1,4500,50,6,9,7,33177.0
6,64,2.8,3000,48,4,7,9,14649.0
4,64,13.1,5000,50,5,6,1,14787.0
4,64,21.1,5000,64,4,1,6,13892.0
4,64,31.1,4000,108,2,0,5,15674.0
6,128,37.3,6000,48,4,2,1,10753.0
6,256,54.7,4000,64,1,4,4,12606.0
4,128,31.1,4000,50,4,9,6,17366.0
12,128,30.6,6000,48,5,0,7,31132.0
6,64,4.0,3000,48,6,2,2,10432.0
4,256,3.1,5000,64,6,2,0,25891.0
4,128,33.5,4000,48,3,4,6,14640.0
4,512,26.9,6000,108,4,2,4,40141.0
4,128,50.5,4500,108,6,8,4,9911.0
4,64,10.5,4000,64,4,0,6,15741.0
4,128,2.5,5000,50,6,3,0,19701.0
4,64,27.5,3000,64,4,9,7,8855.0
4,128,15.0,4000,108,5,9,9,21110.0
8,32,3.9,4000,12,4,3,4,20100.0
3,64,43.8,6000,12,5,0,7,4121.0
6,256,7.6,4500,48,5,1,9,29973.0
6,64,36.9,4500,48,3,0,9,5762.0
12,256,17.6,3000,12,6,5,4,32950.0
4,64,11.2,5000,108,1,2,6,18646.0
4,128,23.4,3000,48,5,6,9,9478.0
12,128,48.3,4000,64,6,4,2,15227.0
8,128,24.1,4000,64,2,8,1,29486.0
8,64,45.3,4500,108,4,6,5,13749.0
4,64,8.4,5000,48,2,3,4,14549.0
4,32,46.6,6000,64,4,4,8,5515.0
6,64,15.0,5000,48,3,4,9,15986.0
12,128,41.0,4000,48,5,4,3,18671.0
6,512,34.4,6000,64,1,9,2,37796.0
6,256,55.8,5000,12,5,8,8,8399.0
4,256,23.9,5000,64,4,9,7,26546.0
8,256,4.9,6000,108,1,2,5,36748.0
4,128,2.1,4000,50,5,5,0,17802.0
4,64,49.8,5000,64,1,7,9,7813.0
6,512,32.0,6000,48,4,8,0,39389.0
6,128,46.7,4000,48,3,6,5,10319.0
4,128,14.8,6000,64,3,2,2,21201.0
4,64,21.4,6000,50,5,0,2,15111.0
6,128,2.8,5000,64,2,3,5,23631.0
4,128,57.7,4000,50,4,5,2,7493.0
6,256,40.4,5000,50,5,2,9,11636.0
4,128,56.1,3000,108,5,0,5,4213.0
6,64,16.7,3000,48,3,5,4,9743.0
6,512,37.1,4000,48,1,0,3,19888.0
3,64,41.0,6000,50,4,8,7,7665.0
4,128,19.7,5000,48,1,0,1,18442.0
4,32,51.0,5000,12,6,5,6,2500.0
3,256,56.9,4000,50,6,0,3,11706.0
12,512,53.2,4000,48,4,6,1,27647.0
4,64,44.6,3000,12,2,2,6,2500.0
8,256,17.4,4500,108,6,5,0,35979.0
4,64,17.6,4000,48,3,6,3,13626.0
6,512,57.8,4500,12,2,0,8,16950.0
8,256,1.6,4000,64,5,0,3,36945.0
6,256,43.2,6000,64,6,4,2,12255.0
6,32,42.7,6000,12,3,5,9,6262.0
6,512,37.7,3000,50,5,8,9,14049.0
4,256,59.4,3000,50,2,0,1,5823.0
12,64,19.4,4500,48,4,3,2,27761.0
8,256,21.1,4000,64,5,9,0,33980.0
12,64,5.7,5000,50,1,7,9,30762.0
4,256,27.1,3000,50,4,9,7,17173.0
8,64,16.4,5000,64,4,8,0,25559.0
12,256,21.3,5000,108,2,2,2,43236.0
4,128,50.2,4000,50,2,1,2,7446.0
3,32,56.2,4500,12,3,3,1,2637.0
8,64,12.0,4000,48,3,1,4,23312.0
6,32,23.0,3000,50,1,0,9,7764.0
8,128,55.8,5000,50,4,2,2,18159.0
4,64,4.6,4000,108,1,6,2,18780.0
8,128,6.4,4000,12,1,0,7,25510.0
4,64,10.6,4000,48,2,1,3,15312.0
4,64,36.1,3000,50,1,0,3,3943.0
4,256,9.9,4500,48,1,7,2,24989.0
8,32,58.1,4000,64,5,4,0,12298.0
6,512,27.4,3000,50,3,7,7,36673.0
6,256,30.6,5000,50,3,2,0,22995.0
4,128,15.6,6000,64,4,6,6,23825.0
8,128,28.8,3000,108,3,7,4,23827.0
4,256,40.1,6000,50,6,5,3,13884.0
8,64,45.3,4000,48,4,6,3,12306.0
6,32,45.5,4000,12,5,1,7,4672.0
4,64,35.1,3000,48,3,7,5,6612.0
6,256,54.4,6000,108,5,4,0,13094.0
4,32,49.2,4000,12,3,6,9,5073.0
8,128,45.7,5000,48,3,0,7,17694.0
6,512,4.3,4500,48,5,4,1,37730.0
4,256,1.4,4500,64,1,0,5,26443.0
8,128,13.5,4000,108,1,7,8,31100.0
4,32,40.1,6000,64,1,3,0,8177.0
6,256,25.3,4000,12,6,3,5,23678.0
12,128,24.7,6000,64,1,1,7,32499.0
6,64,53.2,5000,108,3,4,9,7954.0
4,32,53.8,6000,50,2,0,1,6076.0
12,512,54.6,4000,50,5,8,4,28918.0
6,128,19.5,5000,12,2,4,5,17383.0
4,256,41.8,3000,50,6,5,4,5500.0
4,256,17.0,4500,64,2,1,2,22961.0
8,128,12.2,4000,12,4,9,3,27622.0
6,128,11.9,4000,108,1,9,6,23541.0
6,128,21.2,4000,12,6,0,3,16134.0
8,64,26.4,5000,12,3,3,8,23584.0
8,128,50.0,3000,48,1,6,9,12662.0
4,256,8.1,6000,48,1,5,1,27571.0
4,128,44.4,3000,12,2,9,4,3965.0
4,256,32.4,5000,50,4,0,7,21927.0
8,128,18.0,4000,48,1,0,4,28755.0
3,128,30.1,4500,108,5,7,9,17555.0
6,128,18.7,4000,64,5,3,7,21630.0
8,128,36.2,6000,48,1,4,7,17547.0
8,256,26.6,4500,12,2,6,8,31409.0
4,64,10.7,4000,50,2,7,9,15462.0
8,128,7.9,4500,64,3,9,5,30518.0
4,64,33.3,3000,48,6,6,3,7620.0
8,64,54.2,5000,50,6,1,2,14374.0
4,128,21.3,4000,50,6,3,4,15392.0
4,128,44.2,6000,50,4,9,5,9404.0
8,512,39.9,3000,12,2,0,2,20501.0
4,128,56.0,4000,108,3,9,1,9553.0
4,256,49.4,3000,50,5,8,6,7154.0
8,128,34.4,6000,64,6,2,4,27755.0
8,128,39.8,4000,48,5,2,8,14660.0
6,32,54.0,6000,64,5,9,2,5385.0
6,64,24.6,4500,12,1,8,7,14433.0
6,64,20.3,6000,12,4,9,5,18068.0
4,128,1.6,4500,64,3,2,3,17155.0
4,32,49.8,4000,108,4,7,8,4476.0
4,64,48.3,4500,12,1,1,4,6938.0
12,64,7.2,4000,12,3,2,9,30180.0
6,512,35.0,4000,64,3,1,5,36442.0
6,64,28.4,5000,12,2,0,8,13720.0
6,128,8.0,4000,108,4,1,6,24310.0
12,64,58.9,4500,108,4,7,4,16480.0
4,128,13.7,5000,108,2,8,1,19205.0
6,64,5.0,5000,48,5,1,3,19810.0
6,64,36.1,4000,108,1,6,1,9131.0
6,128,44.6,6000,108,4,4,2,11541.0
3,32,2.9,6000,48,2,2,9,13343.0
8,32,39.9,5000,50,3,8,2,14518.0
12,64,32.4,4000,12,6,5,3,28037.0
6,32,7.1,6000,108,2,0,5,20034.0
6,64,11.2,4000,12,6,4,2,17245.0
12,64,34.5,4000,64,5,6,9,29664.0
8,256,18.5,5000,12,1,3,0,34323.0
4,128,56.4,5000,48,6,7,0,6818.0
6,128,49.3,3000,12,5,9,8,4923.0
6,64,59.0,6000,12,6,4,8,5160.0
6,512,16.3,6000,12,3,8,4,39121.0
8,64,58.2,6000,50,3,8,8,15304.0
12,32,26.4,4500,50,3,8,6,21759.0
12,128,21.5,4000,64,3,0,8,32178.0
6,64,4.0,5000,48,2,1,6,18772.0
4,64,4.1,6000,12,3,2,8,14327.0
12,128,41.8,3000,12,3,3,1,13396.0
8,256,28.0,6000,12,2,9,7,34003.0
4,128,14.4,4000,12,3,8,6,16862.0
12,256,37.2,4000,50,5,9,5,23045.0
8,512,15.9,5000,64,5,5,4,49565.0
6,64,35.1,4500,108,4,0,3,18194.0
6,64,22.2,5000,48,5,8,6,15328.0
4,64,49.6,6000,12,1,5,2,6170.0
3,128,49.4,3000,64,1,3,7,4660.0
4,128,29.2,5000,108,1,3,1,18985.0
8,512,21.7,4500,64,2,2,0,49716.0
3,256,22.4,5000,50,5,6,1,24513.0
4,128,48.5,4000,108,1,2,8,11043.0
4,64,20.4,6000,64,4,1,4,14690.0
6,256,13.3,6000,50,2,9,7,27801.0
12,512,6.0,6000,64,4,7,2,53750.0
4,256,28.5,6000,64,5,3,6,26146.0
4,32,29.4,6000,108,3,7,1,14176.0
8,128,50.6,6000,50,4,0,7,13914.0
6,32,14.1,3000,12,3,4,6,9803.0
4,64,23.5,4500,48,2,8,4,13812.0
6,32,48.7,6000,108,4,0,3,7166.0
4,128,49.6,4500,50,4,3,0,6727.0
4,128,23.7,6000,64,6,5,4,19410.0
6,64,28.1,5000,50,2,9,8,14838.0
6,64,18.9,6000,48,2,7,9,17637.0
12,128,56.0,4000,48,1,2,3,16036.0
4,64,8.0,3000,12,5,4,8,8406.0
6,64,56.1,5000,12,4,6,1,7067.0
6,128,41.3,5000,48,4,0,3,10243.0
3,256,32.4,4000,108,2,6,8,23192.0
6,32,2.9,6000,108,2,7,3,20858.0
4,32,29.1,3000,64,5,7,4,6136.0
12,64,25.1,5000,12,2,8,7,25276.0
4,512,10.5,3000,64,3,5,0,31075.0
6,128,39.7,5000,12,3,5,0,7178.0
3,128,58.3,6000,48,6,1,8,5519.0
12,64,34.2,5000,108,3,2,8,32738.0
6,128,43.2,5000,108,3,3,3,7768.0
6,32,5.0,4500,48,5,3,1,17643.0
3,128,25.6,6000,64,4,7,8,18031.0
8,512,7.9,4000,64,3,0,3,48428.0
4,128,37.2,4000,50,6,9,5,6705.0
8,256,56.4,6000,12,2,3,0,19213.0
4,256,40.0,4000,64,3,3,8,9987.0
4,64,5.5,6000,48,6,0,4,18382.0
3,512,21.9,4000,64,5,2,2,37474.0
6,32,33.5,4500,108,2,4,3,15559.0
6,128,24.8,4000,12,6,5,0,17873.0
3,64,50.2,5000,50,3,8,8,6492.0
8,32,49.1,6000,12,4,8,7,13990.0
6,128,37.1,3000,108,2,8,3,7072.0
6,64,23.0,3000,108,2,0,1,14491.0
6,128,16.1,6000,108,4,8,8,23112.0
6,128,7.2,4500,108,2,7,3,21944.0
6,32,21.9,4000,48,3,1,8,15702.0
4,64,25.4,4500,50,2,0,9,14035.0
4,128,40.9,3000,108,3,0,2,4556.0
8,64,39.8,6000,108,4,5,6,16822.0
12,256,5.1,6000,64,1,8,6,42572.0
4,128,24.3,4500,50,4,6,9,17946.0
4,256,11.7,4500,12,3,4,3,22941.0
6,128,10.3,4000,50,5,1,1,22975.0
6,128,49.8,5000,50,4,0,8,11253.0
3,128,3.5,5000,50,5,1,3,17095.0
4,64,25.7,4000,108,5,0,7,14214.0
8,64,10.9,5000,108,3,2,1,26387.0
6,256,52.9,3000,48,3,5,7,8478.0
3,128,33.9,5000,12,1,7,9,17803.0
4,256,14.7,4000,64,6,2,4,23988.0
4,256,30.6,5000,50,2,9,6,24102.0
6,256,44.2,6000,12,4,8,6,11085.0
3,512,57.5,4500,12,3,9,8,18529.0
4,128,14.0,3000,48,4,4,2,14357.0
8,64,53.3,6000,64,6,6,9,13592.0
4,128,56.1,6000,50,6,7,3,4952.0
6,64,55.1,4000,64,5,2,9,8514.0
4,128,38.5,4500,48,2,1,3,7322.0
3,256,38.2,4500,108,1,1,9,13058.0
4,128,24.8,3000,12,4,4,4,11617.0
8,64,45.4,4000,50,2,0,5,11383.0
8,64,32.3,3000,108,1,1,2,19042.0
8,128,41.0,5000,48,4,8,3,15750.0
4,64,26.3,6000,64,2,6,2,14804.0
6,256,44.2,3000,12,3,5,1,7188.0
4,64,49.6,6000,50,4,8,9,7366.0
4,64,9.6,4000,108,2,6,8,19553.0
8,32,50.1,5000,108,6,4,0,15123.0
3,128,32.9,4000,12,1,8,1,16566.0
3,128,50.8,5000,64,2,5,7,6911.0
4,64,26.4,5000,48,3,5,6,16272.0
3,32,23.4,6000,64,4,3,0,12879.0
4,128,55.0,4000,64,4,0,4,6185.0
6,64,15.8,4000,64,4,4,9,15616.0
6,128,50.8,3000,12,3,8,5,2500.0
8,128,29.6,4000,12,1,7,4,26877.0
8,64,31.3,3000,48,4,7,3,16598.0
4,64,19.2,4500,64,1,4,0,17296.0
4,512,34.8,4500,12,2,8,6,34514.0
4,128,20.2,4500,48,6,2,8,15493.0
6,128,3.3,4000,48,6,2,5,19098.0
4,64,17.0,4000,64,1,0,2,15242.0
6,128,1.4,3000,50,1,8,9,13370.0
6,32,58.7,5000,64,6,5,3,7296.0
6,128,58.0,3000,50,4,1,9,2500.0
6,512,24.3,4500,48,5,7,4,37586.0
4,64,44.0,3000,12,5,8,0,2500.0
12,32,21.4,5000,108,3,8,4,29829.0
8,32,40.6,4000,48,6,1,0,14693.0
4,64,48.5,3000,12,6,1,8,2500.0
8,64,56.9,4500,48,3,6,6,13383.0
6,32,24.6,4500,64,5,3,2,16790.0
8,256,47.2,4000,50,2,0,8,18399.0
8,128,16.7,3000,48,4,7,1,23346.0
6,64,59.4,5000,12,4,1,6,6646.0
3,512,2.5,4000,64,2,2,8,39470.0
4,64,36.6,3000,108,2,4,5,2500.0
6,512,39.9,6000,64,5,2,9,17479.0
6,64,41.6,4500,50,3,6,4,6034.0
4,256,8.1,5000,64,2,6,6,26355.0
4,128,56.4,5000,108,3,1,5,6211.0
8,256,11.7,5000,12,1,6,4,33408.0
12,512,37.7,4500,48,4,5,1,27923.0
6,64,14.1,3000,50,5,9,7,10819.0
4,512,19.1,4000,108,4,8,6,39000.0
4,64,33.2,3000,50,5,8,5,9527.0
3,64,25.6,4000,64,1,1,4,13953.0
12,64,10.5,5000,50,4,6,4,27542.0
4,128,11.1,3000,108,1,4,8,15272.0
6,64,25.7,5000,48,5,5,0,16823.0
4,128,45.7,6000,48,2,0,8,7921.0
6,128,54.0,5000,50,4,6,5,9261.0
6,256,6.0,5000,12,1,5,3,27099.0
8,256,24.2,4000,50,6,3,9,33428.0
4,128,6.9,6000,64,4,0,6,19060.0
3,64,2.0,5000,48,4,8,8,15442.0
4,64,40.0,5000,48,4,3,4,9519.0
12,64,36.5,6000,48,3,1,4,16670.0
8,32,10.6,6000,12,1,7,7,25482.0
6,64,14.8,3000,12,1,1,6,10835.0
6,64,2.4,4000,108,4,4,7,18247.0
6,512,50.3,6000,50,2,5,9,18495.0
4,128,58.5,6000,50,4,7,1,7984.0
12,64,9.0,4500,64,3,0,8,30983.0
6,128,14.7,6000,48,5,0,2,25038.0
4,64,52.2,4000,12,3,3,5,5373.0
6,128,55.7,5000,64,2,4,5,7087.0
3,128,25.8,5000,64,4,8,1,14777.0
4,128,4.0,5000,12,1,6,6,17808.0
8,128,3.3,5000,50,6,6,8,27942.0
3,512,34.9,4500,48,4,7,9,35688.0
6,256,24.2,6000,50,2,4,0,28013.0
4,128,2.7,5000,64,1,4,7,19886.0
4,128,35.4,3000,48,3,0,1,12393.0
4,128,1.7,5000,108,5,8,0,21604.0
4,64,47.5,6000,64,5,5,7,9863.0
8,64,19.1,5000,50,4,8,1,26113.0
4,32,3.4,4500,50,3,2,5,15773.0
6,128,35.7,4000,50,6,4,5,16071.0
6,128,24.5,4000,12,6,1,4,16246.0
6,64,58.5,6000,64,2,9,7,8340.0
12,512,33.1,4000,48,5,4,2,47268.0
8,512,17.2,4000,50,3,7,9,45984.0
4,256,42.9,3000,50,4,1,3,8405.0
3,128,17.0,6000,12,1,7,6,16230.0
4,256,54.4,6000,48,4,3,6,9531.0
6,64,23.1,4000,64,4,9,7,17473.0
3,256,33.4,4000,108,3,9,1,26675.0
6,64,4.0,4000,12,5,0,1,15228.0
6,256,26.1,4500,64,3,4,3,28065.0
4,64,50.1,5000,108,1,0,9,5816.0
8,256,48.5,4500,50,3,6,8,18840.0
4,512,14.2,6000,50,2,7,9,38658.0
3,64,14.3,3000,48,4,2,8,7720.0
8,128,49.2,5000,108,5,2,3,18164.0
6,512,55.9,3000,50,6,6,8,11205.0
6,128,6.6,6000,50,1,3,2,22462.0
6,256,27.6,6000,48,6,2,4,28447.0
4,128,20.9,3000,64,4,7,9,14235.0
8,64,52.4,3000,50,3,2,8,10192.0
8,64,5.9,3000,12,6,6,5,21864.0
6,64,13.5,6000,12,2,1,2,16954.0
4,256,45.4,4000,64,3,0,9,8857.0
6,64,4.0,3000,108,4,5,8,14721.0
4,128,30.1,5000,48,6,7,5,17247.0
3,128,27.1,6000,12,1,0,3,13220.0
12,128,20.7,4500,12,6,9,3,29014.0
4,256,24.3,4500,64,6,8,7,22499.0
12,512,32.3,5000,108,5,2,6,51037.0
6,128,10.5,4000,108,6,2,0,21472.0
4,256,34.7,3000,64,4,3,5,17871.0
6,256,48.5,6000,12,1,0,7,10871.0
8,128,45.8,3000,48,4,8,2,9405.0
8,512,10.1,6000,12,2,2,8,48520.0
8,64,9.8,4500,108,3,9,9,27430.0
6,64,16.8,3000,12,6,3,1,10834.0
6,256,22.3,5000,48,5,0,5,29124.0
8,128,25.1,4000,50,1,3,0,27336.0
4,256,41.1,5000,12,5,0,1,10386.0
6,256,4.3,4000,64,5,4,4,27414.0
4,32,3.0,3000,50,5,4,0,9405.0
12,256,24.1,3000,64,6,6,7,34114.0
12,128,42.1,4000,64,1,7,0,18008.0
3,128,12.4,4500,64,1,3,8,15013.0
8,128,38.8,6000,12,5,6,9,15571.0
12,512,16.3,5000,108,3,3,2,53536.0
4,32,53.3,5000,50,6,2,1,7375.0
6,128,53.8,5000,48,6,5,0,7587.0
12,128,18.5,3000,108,4,3,8,26104.0
3,256,14.6,5000,12,6,2,3,23091.0
6,128,25.3,6000,64,5,8,0,22398.0
4,64,15.2,6000,48,2,4,0,15635.0
12,64,40.7,4000,50,5,6,6,19898.0
12,64,49.7,3000,108,1,5,1,15652.0
12,256,40.7,6000,108,6,9,6,22683.0
6,64,49.6,4500,48,6,4,6,7415.0
8,64,24.4,3000,12,4,6,9,20059.0
8,512,10.2,3000,50,2,5,8,42547.0
4,32,44.5,6000,48,6,9,6,4932.0
8,512,22.3,4500,64,4,1,0,48672.0
3,128,40.6,4000,50,4,2,7,8122.0
6,256,17.0,6000,108,2,1,7,28272.0
4,64,5.8,4500,48,5,2,3,16195.0
4,32,59.6,3000,108,5,0,7,2500.0
3,256,10.2,4500,108,5,7,3,25245.0
6,256,59.3,3000,108,3,5,7,6669.0
4,256,58.7,6000,12,5,1,4,10816.0
8,64,47.8,6000,108,2,7,3,15308.0
3,256,39.9,5000,64,3,5,5,11691.0
4,256,35.1,5000,64,5,6,1,25143.0
6,128,52.1,5000,50,3,0,1,9213.0
8,256,18.1,6000,108,2,6,1,37767.0
4,256,28.6,4000,108,5,2,8,24141.0
6,128,37.5,6000,48,1,7,9,11580.0
8,32,25.3,4500,12,6,5,2,20266.0
6,128,26.2,6000,50,2,3,9,18184.0
4,32,20.5,6000,108,4,7,3,14395.0
3,128,34.3,3000,48,4,8,9,12048.0
8,128,51.2,3000,12,2,9,7,11221.0
3,32,12.9,3000,50,4,1,3,9437.0
8,64,56.1,6000,50,2,5,9,12520.0
6,64,41.7,4000,108,1,4,9,11634.0
12,256,49.6,4500,50,2,4,6,20542.0
8,512,33.8,4500,48,5,9,4,43294.0
12,32,47.0,4000,50,5,2,8,18564.0
4,512,2.0,4000,64,3,7,3,36598.0
8,128,49.3,4500,48,4,7,2,15152.0
6,64,3.4,5000,12,6,4,1,16982.0
6,32,53.5,3000,12,4,7,0,2500.0
6,128,59.5,3000,108,2,9,5,3452.0
8,256,18.3,4500,108,6,7,9,37731.0
12,256,13.4,4000,64,6,2,1,39978.0
8,32,46.2,5000,12,4,1,7,13162.0
6,32,15.9,4500,12,6,8,5,16272.0
6,128,52.1,3000,12,6,1,4,3395.0
8,64,7.1,6000,12,5,8,1,25381.0
4,64,8.4,4000,50,1,3,6,18223.0
4,64,58.8,6000,48,2,1,1,6813.0
4,256,40.8,4500,48,4,9,4,9811.0
4,512,51.0,3000,64,5,0,1,11646.0
4,128,20.1,5000,50,3,3,9,18318.0
4,512,40.9,6000,12,6,8,1,14147.0
3,64,36.1,5000,12,6,8,6,4888.0
3,128,36.6,3000,108,4,3,8,3906.0
12,64,41.3,6000,108,1,8,4,17718.0
6,128,34.9,5000,64,1,5,6,17638.0
4,512,26.3,5000,12,4,0,3,35182.0
6,128,17.3,6000,64,4,9,1,23507.0
4,64,46.3,3000,50,5,5,2,3156.0
12,128,14.4,5000,48,4,8,1,32835.0
8,64,41.8,4500,12,3,1,4,13803.0
3,256,14.8,6000,50,5,5,5,24676.0
6,128,37.9,4000,12,6,1,6,8819.0
8,128,45.1,4000,108,6,3,2,16771.0
12,128,13.9,3000,64,6,7,3,28094.0
6,128,4.5,4500,108,6,6,7,23630.0
6,32,8.7,5000,48,2,8,3,14525.0
4,128,36.8,4000,108,3,6,6,8484.0
12,64,51.1,3000,12,5,0,5,11232.0
4,256,3.7,4500,108,5,1,6,25899.0
12,256,44.3,4500,12,6,5,0,19597.0
6,256,21.1,3000,48,1,6,2,20622.0
6,128,29.2,3000,108,5,2,5,15448.0
6,128,55.8,5000,64,3,8,2,9253.0
4,64,20.6,3000,64,4,6,6,8601.0
4,256,28.5,5000,64,3,5,8,25896.0
4,64,1.8,5000,108,6,5,2,18030.0
4,128,5.8,6000,108,6,0,0,22193.0
8,64,16.3,4500,108,2,4,9,26185.0
4,64,2.6,4500,12,5,9,5,15302.0
3,128,38.3,4500,48,5,2,0,10197.0
12,32,26.2,6000,64,5,6,0,27659.0
8,256,33.3,5000,12,6,9,7,31676.0
12,64,11.3,5000,64,5,2,8,28970.0
12,32,18.5,3000,12,1,4,1,20794.0
4,128,40.2,6000,108,1,6,8,9507.0
4,32,58.0,3000,64,4,2,4,2500.0
8,64,4.0,6000,108,5,9,7,29624.0
6,256,53.5,3000,64,2,1,6,7932.0
4,32,35.0,4000,50,4,5,6,11463.0
8,256,34.3,4500,12,6,7,3,34949.0
4,32,30.5,4500,50,5,3,1,13295.0
4,64,5.1,5000,12,1,8,4,13519.0
6,256,6.3,4000,48,2,7,2,24618.0
6,64,36.5,4500,64,4,6,8,6858.0
6,64,21.1,5000,48,2,6,5,17180.0
3,64,55.1,4000,48,5,2,0,4046.0
8,64,25.0,4500,12,3,5,2,22219.0
4,256,9.5,3000,50,2,4,3,19983.0
4,64,43.2,6000,108,2,0,8,7380.0
8,256,18.3,4000,12,6,2,5,29824.0
12,256,32.0,5000,108,1,0,3,41096.0
8,128,42.2,4000,48,5,3,0,17101.0
8,512,54.1,5000,108,2,9,7,24328.0
6,64,47.7,4000,50,5,2,1,7126.0
6,512,40.9,5000,12,1,3,7,16669.0
3,32,41.1,4500,50,6,8,5,4293.0
6,128,56.8,3000,50,5,2,7,4607.0
4,128,18.5,4500,12,1,5,5,18099.0
4,64,1.1,3000,50,1,5,4,12195.0
8,128,17.0,4500,64,4,6,4,28924.0
6,256,13.9,4500,64,6,8,9,29124.0
3,32,40.0,4000,64,6,6,9,4342.0
4,64,38.4,6000,108,5,0,7,7501.0
6,256,36.0,5000,50,3,7,6,8817.0
3,128,2.0,5000,12,4,4,7,17464.0
8,512,44.0,5000,12,6,8,7,26090.0
6,256,20.1,3000,108,1,9,6,23261.0
6,512,40.2,5000,12,6,4,1,17434.0
6,256,33.8,5000,64,3,4,8,27280.0
8,64,21.2,4000,50,2,1,6,24092.0
4,64,8.9,4500,12,2,2,5,15594.0
6,256,6.6,5000,12,6,9,8,27364.0
6,128,50.1,6000,48,6,8,0,11454.0
4,32,55.2,5000,48,4,6,1,5822.0
8,64,39.3,3000,48,6,0,0,10861.0
8,512,7.1,3000,50,3,2,9,42817.0
6,128,24.7,3000,64,6,1,2,13988.0
8,128,44.0,5000,64,5,0,4,17136.0
8,128,47.0,4000,64,3,8,0,18134.0
8,64,8.0,6000,50,4,7,3,25938.0
8,64,1.0,5000,50,5,4,7,26248.0
6,64,43.0,4000,48,5,1,5,7239.0
6,32,22.0,4000,12,2,0,0,14424.0
6,256,16.0,5000,108,3,6,0,29277.0
8,128,1.8,5000,108,5,1,2,32869.0
4,256,32.9,4000,12,4,0,9,24691.0
8,256,51.2,4000,48,2,1,7,17713.0
8,64,57.5,4000,12,5,6,7,13995.0
3,128,34.4,5000,12,3,6,2,15491.0
8,128,31.4,4000,108,2,9,6,28360.0
4,256,6.0,3000,48,3,5,2,21068.0
4,64,33.4,5000,50,3,4,3,13629.0
8,128,23.4,3000,108,3,2,8,24651.0
4,128,36.8,4500,50,2,2,3,6319.0
8,64,23.9,5000,48,5,8,2,23917.0
8,64,15.2,4500,12,6,3,4,25517.0
6,128,6.6,4000,64,1,8,6,22505.0
3,256,19.6,4000,64,5,3,4,23743.0
4,64,6.7,6000,48,2,1,3,16224.0
6,128,11.4,4000,64,1,3,7,21843.0
12,64,59.3,4500,50,1,5,3,17635.0
6,256,27.2,4000,64,1,5,1,25125.0
4,64,32.4,5000,48,6,4,9,11867.0
6,256,52.5,4000,48,4,0,5,12292.0
6,64,59.7,6000,50,2,2,1,8731.0
8,64,35.4,4000,64,6,4,2,24371.0
4,32,48.9,4500,64,6,5,0,7950.0
8,64,20.3,4500,12,4,0,4,25891.0
6,128,19.0,4000,108,1,8,8,20859.0
12,64,24.8,4500,48,4,2,1,28558.0
4,256,40.7,4500,12,4,9,6,10008.0
6,32,41.2,6000,48,6,2,4,5737.0
12,64,19.6,5000,12,2,1,1,26547.0
4,64,8.9,6000,108,3,7,7,19607.0
12,32,38.3,3000,12,4,2,5,11102.0
6,64,8.6,6000,48,4,5,3,20089.0
3,128,35.1,4000,64,1,1,3,19507.0
4,128,41.9,5000,48,1,6,1,8993.0
8,128,42.3,4000,50,6,3,2,14675.0
3,128,45.5,3000,50,1,8,6,4384.0
6,128,52.5,5000,50,5,9,2,7640.0
4,32,30.5,4500,50,4,8,4,14883.0
6,128,44.1,6000,108,1,6,9,7499.0
3,512,37.5,4000,64,2,7,5,16539.0
8,128,12.0,3000,64,5,2,5,24692.0
12,128,2.5,4500,48,6,4,3,35005.0
12,64,17.8,6000,12,3,1,5,27921.0
8,256,27.1,4500,48,4,9,2,32381.0
4,256,37.4,6000,48,4,6,6,12246.0
8,128,51.1,5000,48,2,7,6,18738.0
3,512,12.6,4500,48,3,8,3,34326.0
3,64,8.4,4500,64,3,6,1,14576.0
4,32,57.8,4500,12,6,9,6,4856.0
6,256,7.4,5000,48,6,9,2,26456.0
8,256,29.2,3000,64,5,7,0,27582.0
6,64,35.5,6000,48,4,8,1,16246.0
6,64,32.9,4500,50,1,5,9,16104.0
4,32,6.1,5000,48,6,9,8,14261.0
12,64,4.4,3000,48,2,1,7,26889.0
6,256,7.2,6000,108,2,1,5,31151.0
6,128,35.5,5000,50,2,3,5,19631.0
4,64,33.1,6000,12,6,8,0,15252.0
8,64,14.8,4500,48,6,6,1,25658.0
6,32,38.6,3000,12,2,1,3,2500.0
4,64,49.4,5000,50,6,7,2,5980.0
3,128,3.5,3000,48,1,6,0,11270.0
6,512,30.4,4500,108,1,8,7,43016.0
6,256,41.7,3000,64,5,7,6,9289.0
4,32,15.9,3000,108,4,2,3,6130.0
12,256,19.2,4000,108,1,0,8,41707.0
4,256,37.2,3000,64,5,1,3,4873.0
6,256,54.0,6000,64,3,1,0,13382.0
12,128,48.8,5000,64,4,3,9,14903.0
6,64,35.4,4000,48,1,5,0,14365.0
6,64,44.1,5000,12,3,3,0,9028.0
4,32,22.5,5000,12,5,8,0,14253.0
4,64,38.8,4500,64,1,3,3,7267.0
12,64,28.5,4500,108,1,5,0,30941.0
6,128,12.2,4000,50,6,5,1,18003.0
8,256,42.4,4500,64,3,9,3,20271.0
4,128,33.8,4500,108,1,9,6,19810.0
4,32,22.2,4500,108,2,0,1,18522.0
3,512,54.8,5000,48,6,7,7,15894.0
6,512,2.2,4000,48,6,2,6,40086.0
4,256,19.6,5000,12,1,5,8,23707.0
8,512,4.4,6000,12,6,2,5,49459.0
6,128,46.2,5000,50,4,1,3,10422.0
12,512,42.4,6000,50,3,4,5,29844.0
4,32,20.5,3000,50,4,0,3,9338.0
8,64,40.9,3000,50,5,8,6,7694.0
8,64,24.4,6000,108,4,6,8,23371.0
8,64,45.6,6000,108,2,2,2,15024.0
8,64,27.8,5000,12,6,3,2,23283.0
8,128,25.3,6000,48,6,5,1,27694.0
6,256,56.1,4000,48,2,2,0,10784.0
4,128,15.8,3000,64,6,6,0,12951.0
3,64,8.1,3000,108,4,5,2,12058.0
12,256,35.5,6000,50,5,8,6,36710.0
6,128,58.2,4500,50,1,4,8,8306.0
8,64,23.3,4500,64,2,3,1,24751.0
6,128,4.7,6000,48,4,2,6,23099.0
4,64,21.0,4000,50,4,9,0,15961.0
4,64,30.8,4500,48,4,0,1,16298.0
6,512,10.6,6000,64,1,2,5,40357.0
6,64,39.8,4000,48,3,2,4,4327.0
4,128,59.9,4000,48,6,6,7,6762.0
6,256,27.7,5000,48,6,6,1,23645.0
3,256,21.9,4000,50,5,0,0,26848.0
6,32,24.6,4500,12,3,2,6,12279.0
4,64,7.8,4500,108,6,7,5,18262.0
8,32,53.1,6000,48,5,8,7,15197.0
4,128,25.5,6000,48,5,6,7,19113.0
6,128,23.8,4000,48,4,6,1,22247.0
3,64,39.9,3000,12,2,7,7,2500.0
3,512,27.1,5000,64,4,5,5,35101.0
4,128,39.2,3000,50,1,2,8,2500.0
6,64,4.6,4000,12,6,0,6,17515.0
6,128,49.0,4000,48,5,6,1,8275.0
4,128,56.5,3000,12,2,0,7,2500.0
6,32,39.3,5000,12,6,0,8,7071.0
8,64,57.3,3000,12,5,8,6,9751.0
8,256,9.9,6000,64,5,9,3,37132.0
3,128,29.2,4500,108,4,6,8,19256.0
6,128,36.5,6000,50,2,3,3,10022.0
4,128,35.3,4500,64,2,5,3,16204.0
4,32,24.7,4000,64,6,0,8,13962.0
12,64,20.9,5000,108,5,6,7,29429.0
4,128,8.5,3000,64,2,5,3,12348.0
6,64,24.1,5000,12,2,3,7,17365.0
6,32,10.6,3000,12,6,6,7,8990.0
8,256,44.3,6000,48,4,2,6,22245.0
6,512,13.3,6000,64,3,0,9,42539.0
3,256,4.5,3000,48,1,3,5,18648.0
4,256,33.6,5000,50,3,2,7,24342.0
6,64,36.1,3000,12,2,0,6,6328.0
3,512,52.4,4000,50,5,1,4,17684.0
4,64,35.0,6000,108,1,4,3,17309.0
3,512,21.4,4000,12,1,7,1,33557.0
3,512,48.4,6000,50,5,0,7,20282.0
4,256,32.9,6000,108,1,3,8,28187.0
4,512,5.7,4500,50,5,3,3,37367.0
6,128,34.4,4000,108,1,4,3,22910.0
6,64,54.6,4000,108,6,6,4,7884.0
8,128,24.4,4500,12,6,7,1,25149.0
4,128,18.5,5000,48,3,5,6,17464.0
4,32,9.5,4000,108,1,0,4,16599.0
4,128,9.9,3000,108,4,6,5,13995.0
6,512,26.5,4500,12,5,2,3,35783.0
8,64,36.1,4000,48,1,5,7,13816.0
3,256,5.8,5000,64,6,7,7,24825.0
12,512,56.4,4000,64,6,6,4,26093.0
3,512,45.6,6000,48,5,9,5,16917.0
6,512,35.6,3000,50,4,5,2,34027.0
8,128,49.9,4500,12,1,8,0,15570.0
8,512,5.7,6000,48,1,8,8,48608.0
8,256,29.1,5000,64,4,0,8,33748.0
8,64,38.2,6000,108,4,0,2,15895.0
4,128,49.9,6000,64,4,0,3,8453.0
8,256,47.2,5000,108,6,7,6,20026.0
3,64,17.3,6000,12,5,9,1,15293.0
8,128,56.5,4500,108,4,6,2,16655.0
6,128,8.3,4000,48,5,2,5,20713.0
8,64,52.6,6000,108,3,1,7,17655.0
6,128,58.3,4500,50,1,3,0,11234.0
6,256,11.5,4000,48,1,2,3,24677.0
6,128,43.6,4000,12,2,6,0,5868.0
8,32,3.4,6000,48,3,9,1,25046.0
3,32,24.9,4500,50,4,7,7,12881.0
3,64,31.5,6000,12,4,5,5,13407.0
4,512,35.3,5000,64,6,2,8,38281.0
4,64,56.2,4000,50,3,5,1,5113.0
8,128,40.7,6000,12,4,1,2,13218.0
4,64,29.4,4000,108,2,6,8,13238.0
12,64,48.8,4500,48,5,9,8,17016.0
4,256,57.1,3000,12,1,6,5,7089.0
4,256,2.3,6000,48,3,3,2,23996.0
8,32,59.0,6000,108,1,7,4,16577.0
6,128,6.1,4000,12,5,3,1,20170.0
6,32,49.0,4500,64,3,6,6,6492.0
6,128,17.5,5000,50,5,3,9,19557.0
8,128,8.8,4500,12,4,4,7,30043.0
4,64,27.0,6000,108,4,6,5,18429.0
12,64,39.0,5000,12,4,9,7,16956.0
12,64,23.5,4500,48,5,2,1,27265.0
6,512,4.2,3000,12,5,9,2,36444.0
4,512,36.4,4000,64,5,4,6,17951.0
6,32,54.2,4500,12,1,2,9,6059.0
3,256,23.6,4500,50,5,4,0,23121.0
3,64,13.8,3000,12,4,2,6,6711.0
4,64,27.1,6000,48,2,9,5,15751.0
6,256,3.9,4000,12,5,6,7,27097.0
8,512,49.4,4500,64,2,0,6,24921.0
8,512,49.8,5000,108,4,8,3,26781.0
8,128,35.7,4500,12,5,8,2,25592.0
6,64,21.8,4000,12,1,4,2,16386.0
4,256,48.2,4500,50,1,8,3,10574.0
4,64,33.7,3000,64,2,9,8,9162.0
12,128,49.7,4500,108,6,5,8,19287.0
3,64,38.3,4500,48,1,4,1,5607.0
8,128,47.3,5000,12,1,2,4,14251.0
6,64,36.3,3000,108,1,7,0,2973.0
6,64,25.4,3000,48,4,3,3,11619.0
8,512,57.5,4500,64,1,9,1,24906.0
6,64,32.9,5000,64,3,2,7,16113.0
8,128,36.7,4500,108,5,5,3,18058.0
12,64,14.0,4500,48,1,7,4,30649.0
6,32,37.9,4000,64,6,8,3,8631.0
4,32,34.7,4000,108,6,5,4,12343.0
6,64,11.9,5000,64,1,4,4,19552.0
12,256,4.5,6000,64,1,1,4,44286.0
4,64,36.7,4000,64,3,1,2,6883.0
6,512,46.1,6000,50,1,8,6,18998.0
6,128,31.9,3000,48,1,1,2,13267.0
8,128,14.4,4000,108,5,1,1,28094.0
4,128,40.3,4000,108,6,2,2,10070.0
8,128,5.7,5000,48,3,2,2,29279.0
12,256,27.1,6000,48,6,3,7,38650.0
4,64,10.6,4000,48,3,6,3,16020.0
4,64,11.9,4000,48,6,8,2,16059.0
12,256,12.9,5000,12,1,1,9,37224.0
4,512,23.8,5000,108,6,3,4,38069.0
8,256,4.0,6000,12,6,8,3,34707.0
6,128,24.5,3000,64,3,1,8,17933.0
4,256,31.2,3000,64,2,9,7,20840.0
8,128,29.5,4500,108,3,0,6,29939.0
6,128,23.6,4000,64,3,9,7,19070.0
6,64,50.5,6000,48,3,7,4,7314.0
4,128,9.6,4000,12,4,8,3,17739.0
6,64,30.8,6000,48,4,6,6,20287.0
4,64,4.7,6000,64,4,7,0,17980.0
4,256,5.2,6000,12,3,3,5,26307.0
12,64,34.9,4000,48,2,3,7,23228.0
4,32,34.4,5000,108,3,1,6,14475.0
6,32,52.8,4000,48,1,7,1,3917.0
4,512,33.9,6000,64,2,1,6,36876.0
8,128,57.6,4500,12,4,8,5,14945.0
4,128,3.9,3000,108,6,3,4,15277.0
12,256,6.8,6000,12,6,0,3,38463.0
6,256,3.6,4500,108,5,3,0,28411.0
4,64,11.9,5000,12,2,2,1,14289.0
3,128,32.9,6000,64,4,5,6,17103.0
4,256,39.1,4500,108,2,6,9,12287.0
6,128,3.7,6000,50,2,7,2,22323.0
4,64,56.8,4000,12,6,1,4,7026.0
8,256,50.7,4500,12,3,5,7,15278.0
6,128,18.5,4000,48,1,5,7,19927.0
4,64,5.6,4000,108,5,9,5,17302.0
6,128,11.0,4500,50,4,4,4,20417.0
8,32,8.5,3000,64,2,9,1,18182.0
4,64,8.3,4500,48,5,9,8,15354.0
4,256,31.6,3000,50,2,6,0,15722.0
3,32,15.5,6000,108,6,2,1,15710.0
8,128,22.1,6000,50,1,3,0,29512.0
6,128,59.4,4500,12,6,9,3,6749.0
6,32,41.4,6000,12,5,8,3,9636.0
8,512,57.0,5000,48,4,3,4,25060.0
8,64,9.4,4000,108,2,2,4,26953.0
6,64,23.5,4000,108,1,1,7,19760.0
8,64,33.7,3000,50,6,4,2,21615.0
4,64,5.5,6000,48,5,3,5,15313.0
4,32,1.2,3000,108,6,7,2,10274.0
4,256,40.6,4000,12,2,6,1,10404.0
3,512,38.9,4000,50,2,5,7,15981.0
6,64,25.2,6000,64,4,1,0,19170.0
12,128,29.9,5000,12,1,2,8,29089.0
3,256,25.5,5000,48,3,9,6,25099.0
4,256,2.4,6000,108,6,8,9,29582.0
6,128,20.8,6000,12,2,8,3,21643.0
12,64,11.4,3000,64,5,4,2,23331.0
4,64,6.8,6000,64,6,2,5,16800.0
6,256,57.4,5000,48,4,1,8,13169.0
3,256,36.4,6000,12,4,7,8,12100.0
4,64,44.0,3000,50,2,5,3,2500.0
12,64,19.6,3000,12,2,9,9,22175.0
12,512,24.2,3000,64,2,6,4,45333.0
3,256,15.0,3000,48,3,0,8,18185.0
12,512,6.7,4500,48,2,0,1,50654.0
6,256,11.6,6000,50,6,9,1,26475.0
8,64,48.1,4000,48,6,1,4,15506.0
6,128,41.0,6000,48,1,9,0,9373.0
6,128,33.3,4500,48,5,2,7,20505.0
6,32,29.0,3000,48,2,0,4,10012.0
6,128,55.4,4500,48,6,4,9,8971.0
4,256,5.3,5000,64,6,2,1,25231.0
3,64,17.6,5000,12,6,0,8,11339.0
4,256,21.6,6000,108,3,7,1,26423.0
8,128,47.2,6000,48,5,5,6,18731.0
4,512,59.6,4000,108,4,8,7,18971.0
6,32,15.2,4000,108,6,2,5,15998.0
12,64,52.6,5000,64,2,8,6,15788.0
3,128,50.0,3000,48,6,8,0,2500.0
6,64,14.3,4500,108,5,0,3,16579.0
6,256,24.6,4000,48,4,2,6,25628.0
8,256,25.2,4000,50,3,5,0,36074.0
4,64,58.7,3000,50,1,7,0,3808.0
6,128,11.7,3000,50,2,3,5,16278.0
8,128,48.2,6000,108,1,4,3,16390.0
12,64,20.7,4500,50,3,8,2,26468.0
6,512,44.1,3000,64,5,5,4,15766.0
6,256,25.8,4000,64,5,6,8,26528.0
6,128,35.1,4000,108,3,6,9,19556.0
8,256,50.1,5000,48,6,3,9,18390.0
6,128,48.4,3000,12,3,3,9,4543.0
3,512,52.1,6000,48,2,3,2,16095.0
12,128,4.5,4500,48,4,4,4,33437.0
6,256,41.8,6000,48,1,4,9,11017.0
6,256,9.3,4000,48,1,7,4,30042.0
4,64,25.5,6000,12,5,8,8,13287.0
6,256,33.4,4000,50,6,1,9,25803.0
4,64,24.8,4000,48,5,6,3,12062.0
6,64,31.7,4000,64,2,0,0,15543.0
4,64,59.8,4000,108,3,0,9,7755.0
6,512,9.0,4000,108,1,3,4,42973.0
12,256,40.9,5000,64,2,9,0,22871.0
3,256,24.4,6000,48,5,6,5,23884.0
12,256,8.8,5000,12,5,1,9,37453.0
6,128,10.4,5000,50,1,1,9,19454.0
8,512,57.0,3000,108,5,0,6,23595.0
8,128,52.9,3000,50,6,9,0,11189.0
6,64,54.5,3000,12,5,1,9,2500.0
8,64,59.5,4500,108,4,6,3,16388.0
8,256,13.3,3000,50,3,8,8,30517.0
6,256,22.0,6000,12,5,5,0,26011.0
4,64,40.5,5000,50,4,9,8,7847.0
6,32,29.5,6000,48,2,1,7,14543.0
8,256,25.7,3000,12,5,9,4,25178.0
8,32,22.1,4500,50,6,9,5,25049.0
8,256,36.0,4500,48,2,8,6,18670.0
6,512,35.0,5000,48,5,6,3,37787.0
8,128,10.5,6000,12,1,0,5,28394.0
4,64,28.8,4000,64,4,8,6,13110.0
6,256,33.7,6000,108,4,1,5,29800.0
3,256,34.6,3000,12,1,3,5,16350.0
4,128,13.4,4000,48,3,8,1,17513.0
4,512,44.8,4500,48,6,3,4,15615.0
4,32,2.5,5000,12,4,2,2,14217.0
6,128,21.9,5000,64,2,0,6,16889.0
4,256,47.0,4500,108,6,6,3,12288.0
6,256,34.3,3000,50,4,5,0,21973.0
4,64,16.4,4500,12,3,9,5,13944.0
4,256,42.0,3000,108,2,3,5,9349.0
4,128,34.5,4000,108,6,5,6,16238.0
3,64,48.0,4500,48,2,5,7,8759.0
6,64,44.4,3000,50,1,3,2,4421.0
6,256,37.0,4000,12,5,5,5,12414.0
6,64,29.8,4500,48,1,9,9,14958.0
6,64,8.9,5000,48,6,7,1,16785.0
4,64,16.4,4500,64,5,2,8,15300.0
8,256,25.7,6000,108,1,3,1,38586.0
